id,Description
1,Mady
2,Ardeen
3,Sadie
4,Jean
5,Justinn
6,Melodie
7,Moyna
8,Candi
9,Collen
10,Marika
11,Emmey
12,Riannon
13,Tani
14,Arabel
15,Konstance
16,Sean
17,Edith
18,Fidelia
19,Lusa
20,Lila
21,Carree
22,Clarice
23,Ursulina
24,Halette
25,Celestyna
26,Jaime
27,Rosanne
28,Glenda
29,Riannon
30,Rani
31,Beth
32,Nita
33,Ketti
34,Corina
35,Moyna
36,Valera
37,Kaia
38,Jenilee
39,Margette
40,Millie
41,Cristine
42,Lusa
43,Corina
44,Josephine
45,Monika
46,Daune
47,Daphne
48,Nicoli
49,Meriel
50,Verla
51,Celene
52,Chere
53,Allyce
54,Addia
55,Cissiee
56,Myriam
57,Liana
58,Anestassia
59,Fanchon
60,Marti
61,Kristan
62,Dolli
63,Almeta
64,Beverley
65,Fidelia
66,Kalina
67,Lynde
68,Marleah
69,Felice
70,Renae
71,Jolyn
72,Winifred
73,Tarra
74,Bobbi
75,Brianna
76,Shannah
77,Sonni
78,Annaliese
79,Heddie
80,Frank
81,Daryl
82,Ofilia
83,Alameda
84,Sara-Ann
85,Babita
86,Addia
87,Dolli
88,Elsie
89,Ursulina
90,Coral
91,Lilith
92,Max
93,Darlleen
94,Lisette
95,Emma
96,Caressa
97,Frank
98,Almeta
99,Roxane
100,Nicoli